Dataset,Classifier,Type,Accuracy,Recall,Precision,F1_score
CWE399,SVM,ML,0.98,0.97,0.98,0.97
CWE399,LR,ML,0.98,0.96,0.98,0.97
CWE399,RF,ML,0.98,0.97,0.99,0.98
CWE399,BILSTM,DL,0.98,0.98,0.96,0.97
CWE399,LSTM,DL,0.98,0.97,0.97,0.97
CWE399,GRU,DL,0.98,0.98,0.96,0.97
CWE119,SVM,ML,0.97,0.9,0.97,0.94
CWE119,LR,ML,0.97,0.91,0.97,0.94
CWE119,RF,ML,0.97,0.91,0.96,0.94
CWE119,BILSTM,DL,0.96,0.97,0.89,0.93
CWE119,LSTM,DL,0.96,0.97,0.89,0.93
CWE119,GRU,DL,0.97,0.97,0.9,0.94
Asterisk,SVM,ML,0.98,0.1,0.5,0.17
Asterisk,LR,ML,0.98,0.12,0.58,0.19
Asterisk,RF,ML,0.98,0.02,0.5,0.03
Asterisk,BILSTM,DL,0.98,0,0,0
Asterisk,LSTM,DL,0.98,0,0,0
Asterisk,GRU,DL,0.98,0,0,0
FFmpeg,SVM,ML,0.97,0.41,0.67,0.51
FFmpeg,LR,ML,0.98,0.77,0.77,0.77
FFmpeg,RF,ML,0.98,0.72,0.88,0.79
FFmpeg,BILSTM,DL,0.98,0.93,0.67,0.78
FFmpeg,LSTM,DL,0.98,0.88,0.72,0.79
FFmpeg,GRU,DL,0.99,0.9,0.72,0.8